id;nombre;correo;telefono
1;kevin;kevin@gmail.com;1111111
2;maria ;maria@gmail.com;222222
3;juan ;juan@gmail.com;3333333
4;pedro;pedro@gmail.com;555555
5;marcos;marcos@gmail.com;4444444
6;felipe;felipe@gmail.com;8888888
7;andres;andres@gmail.com;9999999
8;pablo;pablo@gmail.com;2121212
9;gerson;gerson@gmail.com;55445665
10;julio;julio@gmail.com;1231333
11;wilson;wilson@gmail.com;8998778
12;melidosa;michael@gmail.com;12334455
13;deider;deider@gmail.com;12323435
14;gabriel;gabriel@gmail.com;6786796796
15;holman;holma@gmail.com;3456436546
